Workbook

Sheet Registro
A1: NUMERO DE COOLABORADOR | B1: AREA | C1: FECHA | D1: HORA DE ENTRADA | E1: HORA DE SALIDA | F1: HORAS TRABAJADAS | G1: MINUTOS TARDE | H1: HORAS EXTRA
A2: 14240 | B2: MANTENIMIENTO | C2: =TODAY() | D2: 04:04:19 | E2: 17:02:00 | F2: =J2*24 | J2: =E2-D2
A3: 14240 | B3: MANTENIMIENTO | C3: =C2+1 | D3: =D2 | E3: =E2 | F3: =J3*24 | J3: =E3-D3
A4: 14240 | B4: MANTENIMIENTO | C4: =C3+1 | D4: =D3 | E4: =E3 | F4: =J4*24 | J4: =E4-D4
A5: =A4 | B5: =B4 | C5: =C4+1 | D5: =D4 | E5: =E4 | F5: =J5*24 | J5: =E5-D5
A6: =A5 | B6: =B5 | C6: =C5+1 | D6: =D5 | E6: =E5 | F6: =J6*24 | J6: =E6-D6
A7: =A6 | B7: =B6 | C7: =C6+1 | D7: =D6 | E7: =E6 | F7: =J7*24 | J7: =E7-D7
A8: =A7 | B8: =B7 | C8: =C7+1 | D8: =D7 | E8: =E7 | F8: =J8*24 | J8: =E8-D8
A9: =A8 | B9: =B8 | C9: =C8+1 | D9: =D8 | E9: =E8 | F9: =J9*24 | J9: =E9-D9
A10: =A9 | B10: =B9 | C10: =C9+1 | D10: =D9 | E10: =E9 | F10: =J10*24 | J10: =E10-D10
A11: =A10 | B11: =B10 | C11: =C10+1 | D11: =D10 | E11: =E10 | F11: =J11*24 | J11: =E11-D11
A12: =A11 | B12: =B11 | C12: =C11+1 | D12: =D11 | E12: =E11 | F12: =J12*24 | J12: =E12-D12
A13: =A12 | B13: =B12 | C13: =C12+1 | D13: =D12 | E13: =E12 | F13: =J13*24 | J13: =E13-D13
A14: =A13 | B14: =B13 | C14: =C13+1 | D14: =D13 | E14: =E13 | F14: =J14*24 | J14: =E14-D14
A15: =A14 | B15: =B14 | C15: =C14+1 | D15: =D14 | E15: =E14 | F15: =J15*24 | J15: =E15-D15
A16: =A15 | B16: =B15 | C16: =C15+1 | D16: =D15 | E16: =E15 | F16: =J16*24 | J16: =E16-D16
... A29: =A28 | B29: =B28 | C29: =C28+1 | D29: =D28 | E29: =E28 | F29: =J29*24 | J29: =E29-D29
A30: 14250 | B30: MANTENIMIENTO | C30: 2026-10-02 | D30: 11:09:37 | F30: =IF(AND(D30<>"",E30<>""),(E30-D30)*24,"") | G30: =IF(AND(D30<>"",D30>TIME(8,0,0)),(D30-TIME(8,0,0))*1440,0) | H30: =IF(AND(F30<>"",F30>8),F30-8,0)

Sheet Semana
A1: PANEL DE CONTROL DE NÓMINA
A2: Quincena Actual (Horas Ordinarias): | B2: Desde: | C2: 2026-09-16 | D2: Hasta: | E2: 2026-09-30
A3: Quincena Anterior (Horas Extras): | B3: Desde: | C3: 2026-09-01 | D3: Hasta: | E3: 2026-09-15
A5: ID COLABORADOR | B5: ÁREA | C5: HORAS NORMALES (Q. Actual) | D5: MINUTOS TARDE (Q. Actual) | E5: AUSENCIAS / INCOMPLETAS (Q. Actual) | F5: HORAS EXTRA (Q. Anterior) | G5: TOTAL HORAS A PAGAR
A6: 14244 | B6: =VLOOKUP(A6, Registro!$A$2:$A$1000, Registro!$B$2:$B$1000, "No encontrado") | C6: =SUMIFS(Registro!$F$2:$F$1000, Registro!$A$2:$A$1000, A6, Registro!$C$2:$C$1000, ">="&$C$2, Registro!$C$2:$C$1000, "<="&$E$2) - SUMIFS(Registro!$H$2:$H$1000, Registro!$A$2:$A$1000, A6, Registro!$C$2:$C$1000, ">="&$C$2, Registro!$C$2:$C$1000, "<="&$E$2) | D6: =SUMIFS(Registro!$G$2:$G$1000, Registro!$A$2:$A$1000, A6, Registro!$C$2:$C$1000, ">="&$C$2, Registro!$C$2:$C$1000, "<="&$E$2) | E6: =COUNTIFS(Registro!$A$2:$A$1000, A6, Registro!$C$2:$C$1000, ">="&$C$2, Registro!$C$2:$C$1000, "<="&$E$2, Registro!$E$2:$E$1000, "") | F6: =SUMIFS(Registro!$H$2:$H$1000, Registro!$A$2:$A$1000, A6, Registro!$C$2:$C$1000, ">="&$C$3, Registro!$C$2:$C$1000, "<="&$E$3) | G6: =C6+F6
A7: 1240 | B7: =VLOOKUP(A7, Registro!$A$2:$A$1000, Registro!$B$2:$B$1000, "No encontrado") | C7: =SUMIFS(Registro!$F$2:$F$1000, Registro!$A$2:$A$1000, A7, Registro!$C$2:$C$1000, ">="&$C$2, Registro!$C$2:$C$1000, "<="&$E$2) - SUMIFS(Registro!$H$2:$H$1000, Registro!$A$2:$A$1000, A7, Registro!$C$2:$C$1000, ">="&$C$2, Registro!$C$2:$C$1000, "<="&$E$2) | D7: =SUMIFS(Registro!$G$2:$G$1000, Registro!$A$2:$A$1000, A7, Registro!$C$2:$C$1000, ">="&$C$2, Registro!$C$2:$C$1000, "<="&$E$2) | E7: =COUNTIFS(Registro!$A$2:$A$1000, A7, Registro!$C$2:$C$1000, ">="&$C$2, Registro!$C$2:$C$1000, "<="&$E$2, Registro!$E$2:$E$1000, "") | F7: =SUMIFS(Registro!$H$2:$H$1000, Registro!$A$2:$A$1000, A7, Registro!$C$2:$C$1000, ">="&$C$3, Registro!$C$2:$C$1000, "<="&$E$3) | G7: =C7+F7
A8: 1213 | B8: =VLOOKUP(A8, Registro!$A$2:$A$1000, Registro!$B$2:$B$1000, "No encontrado") | C8: =SUMIFS(Registro!$F$2:$F$1000, Registro!$A$2:$A$1000, A8, Registro!$C$2:$C$1000, ">="&$C$2, Registro!$C$2:$C$1000, "<="&$E$2) - SUMIFS(Registro!$H$2:$H$1000, Registro!$A$2:$A$1000, A8, Registro!$C$2:$C$1000, ">="&$C$2, Registro!$C$2:$C$1000, "<="&$E$2) | D8: =SUMIFS(Registro!$G$2:$G$1000, Registro!$A$2:$A$1000, A8, Registro!$C$2:$C$1000, ">="&$C$2, Registro!$C$2:$C$1000, "<="&$E$2) | E8: =COUNTIFS(Registro!$A$2:$A$1000, A8, Registro!$C$2:$C$1000, ">="&$C$2, Registro!$C$2:$C$1000, "<="&$E$2, Registro!$E$2:$E$1000, "") | F8: =SUMIFS(Registro!$H$2:$H$1000, Registro!$A$2:$A$1000, A8, Registro!$C$2:$C$1000, ">="&$C$3, Registro!$C$2:$C$1000, "<="&$E$3) | G8: =C8+F8

Sheet BaseLegal
A1: Concepto Laboral | B1: Artículo(s) | C1: Regla / Límite Legal | D1: Recargo / Multiplicador
A2: Jornada Diurna | B2: Art. 30 y 31 | C2: Comprendida entre 6:00 a.m. y 6:00 p.m. Máximo 8 horas/día (48 hrs/semana). | D2: Tarifa Ordinaria ($1.00$)
A3: Jornada Nocturna | B3: Art. 30 y 31 | C3: Comprendida entre 6:00 p.m. y 6:00 a.m. Máximo 7 horas/día (42 hrs/semana). (7h nocturnas equivalen a 8h de pago). | D3: Tarifa Ordinaria ($1.00$)
A4: Jornada Mixta | B4: Art. 30 y 32 | C4: Combina horas diurnas y nocturnas (máx. 3h nocturnas). Máximo 7.5 horas/día (45 hrs/semana). | D4: Tarifa Ordinaria ($1.00$)
A5: Horas Extras Diurnas | B5: Art. 36, Ord. 1 | C5: Exceso de jornada ordinaria trabajado en período diurno (máx. 3h/día, 9h/semana - Art. 33). | D5: 25% de recargo (Factor $1.25$)
A6: Horas Extras Nocturnas / Mixtas | B6: Art. 36, Ord. 2 y 3 | C6: Exceso de jornada trabajado en período nocturno o en continuación de jornada mixta/nocturna. | D6: 50% de recargo (Factor $1.50$)
A7: Horas Extras Especiales / Excedentes | B7: Art. 36, Ord. 4 / Art. 39 | C7: Exceso de horas extraordinarias que sobrepasen los límites o prolonguen jornadas nocturnas diurnas. | D7: 75% de recargo (Factor $1.75$)
A8: Trabajo en Domingo / Descanso | B8: Art. 41 | C8: Horas ordinarias trabajadas en el día de descanso semanal obligatorio (Domingo). | D8: 50% de recargo (Factor $1.50$)
A9: Horas Extras en Domingo | B9: Art. 41 | C9: Horas extraordinarias realizadas en día de descanso u horas dominicales excesivas. | D9: 50% adicional sobre tarifa
A10: Fiesta / Duelo Nacional | B10: Art. 46 y 48 | C10: Horas trabajadas en días feriados oficiales decretados. | D10: 150% de recargo (Factor $2.50$)

Sheet 13204
A1: ID | B1: Departamento | C1: Fecha | D1: Hora Entrada | E1: Hora Salida | F1: Horas Trabajadas | G1: Minutos Tarde | H1: Tiempo Extra | I1: Notas
A2: 13204 | B2: MANTENIMIENTO | C2: 2026-10-01 | D2: 10:29:06 | E2: 10:49:34 | F2: =IF(AND(D2<>"",E2<>""),(E2-D2)*24,"") | G2: =IF(AND(D2<>"",D2>TIME(8,0,0)),(D2-TIME(8,0,0))*1440,0) | H2: =IF(AND(F2<>"",F2>8),F2-8,0)

Sheet 14251
A1: ID | B1: Departamento | C1: Fecha | D1: Hora Entrada | E1: Hora Salida | F1: Horas Trabajadas | G1: Minutos Tarde | H1: Tiempo Extra | I1: Notas
A2: 14251 | B2: MANTENIMIENTO | C2: 2026-10-02 | D2: 11:10:27 | F2: =IF(AND(D2<>"",E2<>""),(E2-D2)*24,"") | G2: =IF(AND(D2<>"",D2>TIME(8,0,0)),(D2-TIME(8,0,0))*1440,0) | H2: =IF(AND(F2<>"",F2>8),F2-8,0)
